{
  "project_info": {
    "project_number": "303914100568",
    "project_id": "push-final-28bd3",
    "storage_bucket": "push-final-28bd3.appspot.com"
  },
  "client": [
    {
      "client_info": {
        "mobilesdk_app_id": "1:303914100568:android:fd6b9e4de7de58101ce72d",
        "android_client_info": {
          "package_name": "com.example.push_final"
        }
      },
      "oauth_client": [
        {
          "client_id": "303914100568-bs0vk6tfd4uv5i0is3uspieppf2dabcc.apps.googleusercontent.com",
          "client_type": 3
        }
      ],
      "api_key": [
        {
          "current_key": "AIzaSyCaw2m0gfcLGhkHN8giPcMQixcZFGKEMlA"
        }
      ],
      "services": {
        "appinvite_service": {
          "other_platform_oauth_client": [
            {
              "client_id": "303914100568-bs0vk6tfd4uv5i0is3uspieppf2dabcc.apps.googleusercontent.com",
              "client_type": 3
            }
          ]
        }
      }
    }
  ],
  "configuration_version": "1"
}